{"global_step": 7996, "_timestamp": 1644955617.1003556, "learning/speed": 6.836686134338379, "_runtime": 1537, "_step": 3}